Employee_ID,Name,Phone_Number,Email,Address,Emergency_Contact,DOB,HireDate,DepartmentID,insurance,salary,Role
1,Mark Carter,553-413-8032,walshcristian@example.com,546 Kim Flat Apt. 237 New Anita MA 31121,Dalton Price 001-301-766-5046x473,1976-11-24,2022-04-07,3,355,144561.81,Developer
2,Katie Chandler,001-871-529-5789x17452,fernandezheather@example.com,882 Lee Coves Apt. 257 Howardborough NM 63436,Roberta King 001-205-417-7734,1963-05-09,5/30/2024,2,355,103263.05,HR
3,David Klein,(456)281-2228x66545,kwalls@example.net,73507 Myers Creek Apt. 373 Mckenziefort NJ 34029,Patrick Anderson +1-324-920-3787x650,2000-04-11,3/24/2020,2,355,141103.99,HR
4,Kimberly Phillips,(778)209-0830x749,derrickking@example.com,974 Shannon Motorway Apt. 965 South Robertberg PA 21562,Teresa Yu 001-731-918-6746x70156,1995-10-11,4/25/2023,4,355,115052.72,Analyst
5,Emma Harrington,+1-771-686-5270x6092,kimberly26@example.org,419 Brown Fork Cantrellmouth VI 61005,Michael Burns 001-974-639-6923,1969-11-16,5/16/2022,4,355,39478.23,Manager
6,Michael Contreras,001-322-291-4354x014,perezanthony@example.com,736 Martin Ridges Simpsonburgh HI 12751,Karen Savage (903)858-1917,1970-07-07,8/14/2020,4,355,126247.09,Manager
7,Denise Contreras,-1492,broberts@example.org,829 Kennedy Ridge Apt. 346 East Michele MH 98902,Ryan Christensen 546.870.9476x1957,2006-01-05,2024-10-05,2,355,54631.72,Analyst
8,Michelle Fernandez,675-372-8231,cherylwilson@example.org,94297 Martinez Parkway Port Amber HI 61261,William Pearson (495)409-9201x070,1979-06-18,5/26/2020,8,355,103434.15,HR
9,Cameron James DVM,-6731,kirstenmiller@example.net,35979 Cross Viaduct Port Terriview MN 91403,Mark Malone 6277301818,1965-11-20,2022-05-09,1,355,129239.67,Support
10,Zachary Landry,(626)836-0344,tiffany91@example.org,589 Robert Islands Suite 370 Williamsfort IA 13106,Dean Gomez (557)805-8708x513,1983-11-16,2020-03-06,9,355,110080.07,HR
11,Dustin Mendez,001-707-790-0628x20873,bgarcia@example.net,071 Barnes Wells Apt. 939 South Andrewton MS 79081,Laura Rodriguez 877.740.2641x829,1977-09-27,6/27/2022,7,355,66630.5,Developer
12,Laura Garcia,+1-548-647-6707x48470,ugardner@example.org,42022 Rebecca Spurs Suite 565 West Christopherburgh NH 31384,David Bishop 3842924109,1970-12-08,10/18/2023,3,355,146008.91,HR
13,Rick Wright,257-345-0132x1520,smithgeorge@example.com,4666 Collins Plain Torresberg NJ 19691,Carly Morrison 4747131428,2000-08-07,2024-11-03,7,355,58657.64,Analyst
14,William Gonzales,+1-981-838-5884x44193,kimberly30@example.com,972 Christopher Lake Lake Trevor NH 20453,Dr. John Boyd (434)450-7735,1994-04-28,4/19/2022,3,355,31358.8,Developer
15,Charles Cummings,318-813-8095,james59@example.org,9270 Henderson Overpass Lawrencebury CA 42491,Jeffrey Olson 001-621-551-2632,1979-09-10,5/15/2020,5,355,39234.24,Developer
16,Joseph Mejia,782-611-6959x59709,jacob04@example.com,477 Timothy Roads Suite 582 Carlsonshire FM 96402,Jared Graham 001-589-561-7131x51257,1979-08-03,2022-04-09,6,355,30001.34,Support
17,Anthony Mcpherson,531.697.1437x92546,philipross@example.net,901 Michelle Manor Apt. 475 East John PA 72264,Christina Lamb 552.470.9772x81088,1993-09-04,2023-06-10,2,355,88321.91,Manager
18,Jessica Blake,001-802-713-6190,krodriguez@example.org,290 Bryan Pass Port Theresa OH 92480,Kristin Singleton (273)713-0772x0415,1963-06-15,3/27/2022,1,355,125993.53,Analyst
19,Andrea Castillo,636-327-1356,gregorystewart@example.net,6986 Sarah Village Apt. 408 North Dustin MP 21161,Kelli Holmes 566-552-5425x26139,1981-04-26,12/28/2021,4,355,35363.26,Manager
20,Katrina Davis,436.397.0557x16548,jamesdalton@example.net,258 Michael Greens Blackwellbury NY 21483,Susan Huynh 001-568-778-0810,1973-01-05,2021-03-10,7,355,143776.35,Developer
21,Troy Hart,665.447.0643x594,williamscarolyn@example.net,138 Kim Parkway Brownburgh MN 59840,Anita Bautista 319-447-1017x329,1992-08-03,2023-11-07,5,355,58807.56,Analyst
22,Lindsey Sanders,(841)623-6406x823,floreslaurie@example.net,1298 Hill Roads Apt. 447 Smithbury OR 54418,Jessica Hall 595.314.9844,1991-07-15,2024-04-07,9,355,65521.25,Developer
23,Christine Smith,(610)473-0917x3032,bushkyle@example.org,94918 Torres Curve Suite 631 Parrishtown FM 55306,Ann Flores PhD 001-667-586-0811x4646,1994-10-14,9/15/2023,7,355,89448.34,Support
24,David Thomas,323-382-5282,jeremyknight@example.org,7172 Cantrell Unions New Karashire MS 65146,Todd Thomas 394-258-0348,1975-05-03,2/16/2021,9,355,73738.3,Developer
25,Maria Weber,001-575-716-6358x710,kenneth61@example.net,1828 Scott Mall Jennyside AL 24051,Karen Medina 443-559-4998x05491,1986-12-14,12/13/2023,9,355,94910.21,Developer
26,Martin Davis,573.534.3642x20989,ccamacho@example.net,458 Taylor Mission Gibbsview UT 57289,Monica Garcia DDS (292)769-4727x57286,1970-07-30,2024-06-08,9,355,56710.27,Manager
27,Scott Parker,5809943863,barrgerald@example.com,9179 Wallace Streets Apt. 270 Thomasborough MD 62163,Robert Smith 412.356.1959,1984-10-21,2023-05-03,6,355,70690.07,Manager
28,David Mathews,(554)656-7175x299,marioreese@example.com,56108 Bradford Trail Port Davidton VA 82283,Carla Holmes 897-802-8300x5696,1981-10-26,2022-10-07,8,355,94857.65,Developer
29,Heather Johnson,2173317671,sjordan@example.com,USS Wilson FPO AP 78069,Frank Sanford 595-287-7665x447,1994-01-07,2022-11-03,3,355,34559.09,HR
30,Christian Chen,+1-459-218-7768x175,bgonzalez@example.net,169 Bryan Port Allenmouth KY 12970,Gabriel Evans +1-914-976-0073,1991-07-29,7/23/2020,9,355,92366.31,Analyst
31,Chris Black,753-712-8455x75448,cantukatelyn@example.net,99373 Chad Knolls Apt. 681 East Brenda NE 26341,Maureen Maynard 416.970.3148x88807,2006-05-12,2020-02-11,1,355,133553.34,Developer
32,Terri Hodges,892-892-7509,jamie53@example.com,09796 Alyssa Fall Apt. 756 Port Adrian SD 92730,Kimberly Quinn +1-789-762-4460x907,2003-11-30,2021-03-04,8,355,86032.64,Developer
33,Scott Forbes,610-245-4430x5081,pamelamcfarland@example.net,935 Contreras Mission Suite 301 North Melissachester NH 66314,Mr. Shawn May +1-970-891-3446x67838,2003-07-15,4/13/2024,5,355,95235.21,Analyst
34,Casey Taylor,883-588-8621,wcoleman@example.com,990 Roach Radial Apt. 563 South Tylerport WI 23363,Edward Nunez 537.321.1711,2003-08-22,11/26/2021,9,355,124998.11,HR
35,Lynn Guzman,523-732-5352x503,john07@example.net,USS Brown FPO AP 56807,Julia Michael 001-963-244-9117x74571,1982-06-29,4/14/2022,10,355,126982.17,HR
36,Mariah Novak,(410)283-5116,henrymegan@example.org,0727 Koch Mission Tarachester VI 81120,Christopher Byrd +1-923-561-9453x442,1998-12-23,11/21/2022,5,355,113476.01,Analyst
37,David Frazier,245.554.5087,lindajennings@example.com,PSC 7553 Box 2540 APO AE 53273,George Smith 887.213.4731,1966-08-23,1/25/2020,2,355,113670.1,Manager
38,Kenneth Gardner,663-983-1495,cheryl96@example.org,9148 Allen Valley Smithshire TX 37341,Elizabeth White (479)914-5128x844,1974-06-22,12/20/2020,5,355,50537.77,Analyst
39,Michelle Powers,(795)929-8396,gedwards@example.net,2589 Robin Burgs Danabury MS 99710,Walter Ortiz 437-525-9882,1993-05-20,6/17/2022,4,355,60638.56,Support
40,Taylor Nelson,653-664-4384x706,reginaldbradley@example.com,317 Justin Lake Suite 369 West Noah KS 11094,Mr. Charles Garrison DDS (925)556-3635x4948,2003-05-28,3/19/2024,8,355,143682.78,Developer
41,Joshua Brooks,658-475-8676x723,rstewart@example.org,0871 Moran Extension Suite 039 Charlesmouth FM 72030,Sheila Cole (549)409-1543x941,1994-01-29,2022-01-07,5,355,96736.96,Analyst
42,Douglas Orozco,245-627-5353,pmoore@example.org,2621 Richardson Green Sullivanshire MA 42544,Rick Bright 600-441-9298x69549,1971-07-10,6/28/2021,3,355,122038.53,HR
43,Christopher Mason,-6385,pskinner@example.com,84913 Javier Center North Katherine LA 22116,Christopher Fox +1-527-577-4359x61450,2003-07-22,2020-05-09,5,355,57099.75,Developer
44,Larry Swanson,(991)619-5341,tyler72@example.com,2013 Bridges Lake Suite 878 Port Robert AL 57297,Jessica Bridges 001-298-355-7074x8568,1983-01-28,12/31/2020,5,355,33539.83,Manager
45,Angel Larson,223.836.0172x41452,vsalas@example.org,09755 Howard Ramp Apt. 119 New Ericmouth MO 68993,April Daugherty +1-714-628-8461,1960-12-17,7/28/2020,3,355,106416.96,HR
46,Dustin Stevens,001-583-399-2323,jenniferhale@example.net,USNV Mendez FPO AA 30893,Sharon Waters +1-383-279-6582,1967-09-21,2023-03-09,1,355,110414.05,Developer
47,Kayla Henry,436-654-1460,alexaphillips@example.com,7081 Love Plaza Suite 852 South Sandy VA 08901,Adam Roberts 387.338.4793,1977-11-23,2022-09-11,8,355,37092.9,HR
48,Kimberly Blackburn,931.564.5414,jfields@example.net,61779 Day Burgs North Ashley WI 41792,Christopher Zimmerman +1-258-397-4032x183,1967-07-08,2023-11-11,8,355,36418.17,Support
49,Mary Haney,(462)328-7614x830,munozashley@example.com,293 Martin Place East Lindsay MP 63044,Becky Mitchell 5622615289,1959-06-13,9/18/2020,7,355,91233.17,Support
50,Sandra Tucker,803.369.1630,william82@example.org,89916 Williamson Springs Monicaborough NM 36077,Marissa Sexton 001-479-912-6171x61149,1959-01-09,1/13/2021,8,355,38755.38,HR
51,Melissa Gibson,806.379.7843x0514,gloriawilliams@example.org,3931 Janet Loaf South Jamesbury SD 79469,Dustin Bell 001-904-609-3178x212,1984-04-15,5/21/2021,8,355,133612.44,Manager
52,Douglas Michael,001-434-240-4439,christopherreid@example.com,55239 Brown Drives Suite 349 Jameshaven UT 84270,Jason Price 501-496-1033x095,1958-11-05,2022-04-08,10,355,77330,Manager
53,Felicia Jones,339.925.3523x990,lbrock@example.org,389 Vanessa Mills Suite 460 Port Thomasfort FM 87983,Amy Woodward +1-883-635-3971x2316,1971-05-27,12/14/2020,9,355,101424.53,Support
54,Tiffany Drake,560-895-0441x47655,ashley44@example.org,3472 Tara Roads North Cassandra TN 69044,John Kelly (283)767-6936x44822,1980-05-21,7/15/2020,1,355,39147.5,HR
55,David Cameron,+1-647-996-5560x1554,morgansara@example.com,287 Susan Flat Carolynberg TX 68184,Pamela Robinson 6024650030,1975-10-26,2024-06-01,8,355,139142.58,Support
56,Jeremy Parrish,+1-659-695-1589x89291,brittanyjohnson@example.org,84299 Robert Causeway South Kristine GA 14526,Samantha Rodriguez +1-760-565-0005x3717,1994-09-25,4/15/2020,7,355,111727.62,Support
57,John Orozco,988.974.0254,andrew18@example.com,469 Anthony Hollow Apt. 493 New Robert IN 82125,David Avery 919-530-0931,1968-06-03,2023-07-04,3,355,83653.47,HR
58,Erica Carlson,001-778-438-5552,kennethphillips@example.com,93061 Jason Locks Apt. 915 Smithton MN 31959,Emily Chavez 001-485-470-6824x4785,2004-09-22,2021-10-05,10,355,42790.41,Manager
59,Charles Simmons,(350)443-0904,campbelljacob@example.com,0346 Burke Mountain Apt. 636 Simpsonport MH 84297,Lisa Blair (993)426-2632,2005-07-29,2023-01-04,6,355,51396.62,Analyst
60,Veronica Moreno,(628)519-5818x115,david41@example.com,1276 Weaver River West Melissaview OK 03000,Jennifer Mckinney 940-879-9812x75550,1999-06-30,6/27/2020,2,355,102695.66,Developer
61,Andrea Sullivan,+1-561-943-3304x33264,danielsheidi@example.org,94228 Le Vista Apt. 926 Robertside VI 55916,Kelsey Lane 579-613-2521x549,2000-06-03,2021-09-04,4,355,79956.37,Support
62,Anthony Whitney,462-881-9246x735,zacharywood@example.org,17131 Wilkins Fort Apt. 024 Deanland LA 37799,Mackenzie Wilkerson 001-694-770-8809x814,1984-12-18,7/18/2021,7,355,41618.59,HR
63,Cathy Evans,001-397-396-8925,saraacevedo@example.com,PSC 8125 Box 4877 APO AE 82647,James Santos 9428066142,1995-07-12,3/27/2021,5,355,88723.22,HR
64,Diana Moore,+1-330-985-2732x2270,anthony36@example.net,93920 Matthew Orchard Hendersonland CT 92094,Amanda Williams +1-478-439-0417,1995-02-08,12/28/2021,2,355,72565.13,Support
65,Jose Lee,-6420,peterdavis@example.net,374 Laura Lock New Amyville GA 48040,Yvette Hall +1-442-988-3911x887,1981-01-13,2023-12-08,1,355,43306.16,Developer
66,Cindy Hunt,970.971.2102x63166,riveracolton@example.org,8487 Charles Groves Apt. 061 North Sarah PA 61242,Erica Castillo 001-685-706-1937,1965-08-24,2022-12-05,6,355,134787.85,Manager
67,Angela Price,684-422-4949,jodi66@example.net,010 John Manors Apt. 460 Austinchester AR 80788,Eric Mccullough 436-664-4053x948,1997-12-13,2021-09-06,3,355,99272.69,HR
68,Devin Walker,(611)618-9124x4428,michelle49@example.net,PSC 9864 Box 1248 APO AE 97547,Alicia Knight 373-353-4225,1992-03-12,8/27/2020,6,355,105853.66,Analyst
69,Jasmine Lambert,(494)540-0875x3957,tray@example.org,860 Huang Radial Morganton IA 34047,Christopher Hall 777.597.4429x5458,1959-01-14,5/15/2024,4,355,148617.62,Developer
70,Adam Mitchell,(458)278-8334x1025,scott82@example.org,638 Bradley Cove Adamburgh MP 91190,Mrs. Stephanie Mcconnell 335.450.4566,1972-12-13,1/29/2022,8,355,86332.08,Support
71,Lee Erickson,001-503-944-5131x16340,rebecca98@example.org,164 Davis Rue Shieldsmouth MD 58441,Joseph Martin 707.316.9899x642,1982-11-11,2020-07-12,1,355,46683.57,Manager
72,Joseph Brown,(373)967-6744x17015,joseph87@example.org,01495 Bailey Loop Scotthaven PA 14887,Wendy Nelson +1-357-777-4076x07492,1958-11-01,12/16/2023,7,355,37696.83,Support
73,Sara Reyes,404-775-6083x81668,adrian81@example.com,050 Harrison Place New Josephborough NH 46672,Debra Wright DDS 431-810-5546x9507,1963-12-25,9/20/2020,8,355,129856.73,Developer
74,Maurice Peterson,001-989-769-0105x72026,ysanchez@example.org,950 Cynthia Roads South Michaelburgh CO 13499,Joseph Watkins 001-914-382-7299x43850,1991-03-22,2021-11-12,9,355,124586.22,HR
75,Bradley Brown,+1-966-353-7605x9899,cynthiabrown@example.org,994 Elizabeth Causeway Apt. 847 Lauraborough OR 30081,John Garcia (970)761-1656x724,1997-05-14,2021-03-12,6,355,41264.46,Analyst
76,Jessica Hernandez,+1-696-548-3552x317,hartrandall@example.net,502 Graham Mount Suite 337 West Jillian NY 25600,Katie Marquez +1-914-219-2032x069,1979-06-10,5/23/2024,8,355,100684.07,Manager
77,Evelyn Bennett,6564156652,tmiles@example.net,001 Bobby Street South Davidside NE 42788,Aaron Beasley 334.278.9128x30628,2000-11-01,4/26/2023,5,355,129574.47,Support
78,Daniel Russell,619-885-6218x52794,elizabethhorton@example.org,12907 Jeremy Estate Apt. 713 Woodstown OH 43190,Joseph Jones 001-869-982-1341x34252,1964-09-26,7/15/2023,7,355,140023.98,Support
79,Claudia Newton,001-785-214-2107,marymcdonald@example.net,84755 Phelps Path Richardsshire NM 74791,Lucas Hansen 750.899.8478,1990-02-16,2021-12-07,10,355,125780.5,Manager
80,Laura Foster,(343)397-6132x1513,john09@example.net,149 Smith Grove Smithborough MI 34361,Victoria Jones 847.595.2969x0148,1974-10-20,2/25/2022,2,355,53597.28,Developer
81,Gregory Garcia,+1-401-981-6997x908,clarktricia@example.com,678 Rojas Curve Apt. 387 East Amber IA 88378,Katie Anderson 256.786.5778x373,1990-02-05,2023-10-01,9,355,102457.71,Analyst
82,Teresa Rogers,649.773.5955,knelson@example.com,94870 Alicia Summit Davidbury KS 07852,Brian Copeland (216)813-7622x96295,2003-03-06,7/28/2020,7,355,35459.92,Manager
83,Karen Kelly,-10169,lindseyjessica@example.com,Unit 1917 Box 0003 DPO AE 73074,Anthony Brooks Jr. (560)896-1556x283,2005-12-05,2021-01-01,4,355,107092.82,Analyst
84,Mr. Kelly Gonzalez,971.309.6116,janicewilson@example.org,PSC 8920 Box 6816 APO AP 68448,Pamela Walker +1-903-510-3777x121,1993-11-22,2023-06-12,1,355,139994.54,Analyst
85,Tara Christensen,001-494-584-1642x03481,williamsjohn@example.com,9587 Long Passage Suite 269 Catherineburgh SC 92427,Lisa Perez 001-672-455-1103x08894,1998-03-22,1/15/2023,7,355,48868.26,Developer
86,Amanda Powell,(656)888-0070x43641,hutchinsonjacqueline@example.org,6913 Rojas Mission Gonzalezview AK 23301,Danny Moore 202.265.3055x0524,1994-02-09,7/21/2020,10,355,57421.24,Analyst
87,Cheryl Wade,311-295-8164,adam17@example.net,19860 Baker Rue Apt. 366 Port Donald PW 85821,Kimberly Dunn (451)443-4571,2003-01-20,10/22/2021,9,355,68335.21,Support
88,Latoya Mora,868-773-4086,wjenkins@example.org,06898 John Inlet Suite 735 South Joshuahaven CA 35096,Jeremy Moore 6042879965,1960-09-14,2021-09-12,10,355,52553.06,HR
89,Kimberly Stewart,+1-982-237-4557x26960,craig10@example.net,893 Mclean Villages New Sandra VI 20537,Ronald Hill +1-694-801-2309x82310,1968-10-08,2020-04-09,1,355,91917.71,Developer
90,Christie Rosario,352-614-6178x7053,cabreraamber@example.com,USS Perez FPO AP 85756,Daniel Lucero 908-345-8280x436,1964-10-06,6/18/2022,6,355,124361.7,Manager
91,Kevin Smith,832.218.2619,kylesharp@example.net,0663 Terri Island Apt. 485 West Michael OH 07576,Aaron Rivera 208-297-9863,1959-10-01,7/13/2024,2,355,33145.42,Support
92,Amy Olson,399.384.8661,gordonelizabeth@example.com,73465 King Station Lake Diana GA 62912,Chris Bond 896-974-8590,1994-01-04,3/22/2022,1,355,84484.88,Analyst
93,Robert Harrison,576.877.0377x981,potterdouglas@example.org,Unit 4113 Box 8116 DPO AA 02470,Kenneth Barnes (331)435-1689,1972-12-08,4/18/2021,2,355,30596.71,Analyst
94,Amanda Khan,001-850-224-5922,samantha83@example.net,4108 Ware Park Suite 605 Erinshire MI 20849,Elizabeth Ball 4265641172,1987-03-18,2023-02-03,7,355,102310.63,Developer
95,Andrew Stone,001-468-975-3614x891,ograves@example.org,73922 Hardy Gardens Apt. 883 Erinview KS 79903,Ricky Flores (591)570-7188x81085,1984-02-13,4/28/2022,9,355,41726.62,HR
96,Stephanie Simpson,+1-533-239-7662x2153,rgross@example.org,41116 Gregory Ferry Apt. 042 Brianmouth WA 78741,Jillian Foley 001-305-352-8295,1997-06-12,11/29/2021,7,355,109735.84,Manager
97,Meghan Parker,+1-878-489-2555x63581,halljim@example.net,8380 Peters Parkway Lake Timothy WI 59884,Mark Hays 001-823-454-9190,1997-11-19,2024-03-01,9,355,133508.43,Analyst
98,Andre Ellis,(368)452-0786x8726,danieljensen@example.net,67394 Figueroa Extension Apt. 322 South Elizabethmouth MN 84164,Collin Campbell 989.315.7202,1991-04-23,7/17/2021,7,355,53607.59,Developer
99,Kathleen Wallace,761.771.9531x3974,rodney95@example.org,9681 Amanda Mountains Suite 892 Mcclainmouth OH 36342,Paul Moore 206-477-9404,1960-08-26,6/26/2022,1,355,66547.01,Developer
100,Craig Hernandez,-5109,danielssarah@example.net,99584 Johns Wall South Rebeccaville AR 97976,Ronnie Mccoy 001-854-200-9178x72986,1990-06-22,2022-11-12,6,355,72727.79,Manager
101,Taylor Castillo,434.799.1678x120,wsaunders@example.com,7002 Greg Pines Suite 793 Port Joshuatown PA 19697,Maurice Smith 276.422.6445,1976-11-22,6/16/2024,9,355,95735.86,Support
102,Mary Gomez,(218)392-5454x06710,kwalter@example.com,519 Brittany Parkway Apt. 480 North Alejandroville TX 87130,Michael Banks 8998186924,2000-11-06,1/30/2022,3,355,56862.85,Manager
103,Christopher Hernandez,001-438-629-5511x260,garygarrett@example.net,13274 Tony Tunnel Biancaberg OK 69612,Gene Nunez (607)939-5678,2005-10-06,8/20/2021,3,355,105886.85,Analyst
104,Cheryl Anderson MD,001-963-441-8982x9493,michele94@example.org,415 Amanda Camp Lopezfurt MH 89904,Carolyn Warner 655.668.7264x97503,1971-08-13,9/13/2020,4,355,121238.43,Analyst
105,Dennis Alexander,-6094,melaniewilson@example.org,Unit 1397 Box 7189 DPO AA 98074,Catherine Holloway MD 993-693-8224,2005-01-15,2023-09-11,1,355,105464.14,HR
106,Samantha Copeland,(895)761-5949,manderson@example.net,43271 Lane Creek Robersonville NH 84251,Matthew Dudley 7609680123,1975-12-28,6/28/2022,4,355,93008.35,Support
107,Jeffrey Nichols,937-681-3763x00421,hernandezjessica@example.net,34876 Andrew Parkways Apt. 854 Zacharyberg KS 98740,Tonya White (286)573-3137x4335,1981-05-01,10/13/2020,6,355,89730.71,Manager
108,Melissa Castillo,237.240.9392x0198,coxheather@example.net,7551 Bonilla Land Lisamouth TN 07945,Amy Santiago +1-279-652-5522,1998-04-14,1/27/2021,5,355,110784.92,Analyst
109,Jeffrey Robbins,(881)869-5086,george11@example.org,77775 Megan Walks New Amy NV 36205,Samuel Green (941)693-7148,1989-05-23,1/29/2024,7,355,129665.55,Support
110,Tristan Pugh,942-309-1324x1540,vjones@example.com,26955 Daniel Junction Suite 041 Autumnmouth OR 28398,Nicholas Lopez 583-220-6650x3834,2005-08-14,12/29/2023,1,355,81163.91,Support
111,Mark Flowers,001-393-504-9183x63539,sjohnson@example.org,2495 Kent Course Apt. 540 New Tommyport OK 35526,Darren Mcgee 8473029305,2000-07-12,11/26/2021,8,355,106541.69,Manager
112,Mr. Kyle Gibson Jr.,-9012,alanlong@example.net,0678 Becker Alley Suite 643 Marietown GA 43785,Scott Richardson (864)941-6991x2827,1980-11-23,2020-04-06,4,355,108050.58,HR
113,Sandra Fritz,368-817-7785x16729,waterscharles@example.net,PSC 3402 Box 5943 APO AP 98640,Sara Bowen 001-487-497-7557x914,1998-12-04,1/28/2024,10,355,59597.65,Manager
114,Richard Morse,628.314.1401x628,ianward@example.org,85902 Long View Suite 995 Aguirreshire ID 69007,Larry Barton 888-831-3798x22923,2004-04-16,4/30/2022,6,355,127549.94,Support
115,Yolanda Estes,789.868.3412,dawsonsharon@example.org,206 Molly Branch Suite 439 Lake Patricia DE 42511,Marcus Wallace 001-806-472-9350,1964-06-25,8/24/2022,1,355,49974.09,HR
116,Brenda Walsh,+1-225-528-3186x8929,deborahpatel@example.net,581 Everett Glens East Cynthia SD 95161,William Yang (818)896-3929x95696,1971-03-28,4/14/2022,10,355,35298.64,Analyst
117,Angel Choi,001-229-562-9783x594,benjaminramos@example.org,Unit 7961 Box 9399 DPO AP 04101,Brian Butler 001-318-773-7227x99697,1995-05-02,5/19/2022,10,355,88084.86,Analyst
118,Alexis Smith,+1-485-869-8744x5646,timothyandrews@example.org,Unit 8459 Box 5596 DPO AP 64039,Toni Marks +1-468-330-0139x807,1994-10-03,12/19/2022,3,355,123670.51,Support
119,Terry Sandoval,417-419-7572,zjackson@example.com,56801 Roy Ways Dianaport MD 27792,Garrett Price 554-475-4881x2507,1999-03-31,12/17/2023,9,355,142963.54,HR
120,Amy Garcia,(262)672-0139,mathisbrenda@example.com,7886 Kathleen Course Apt. 131 Yangchester HI 50504,Phillip Douglas (913)522-6751,1961-07-18,1/26/2020,9,355,100171.56,Manager
121,Mark Dorsey,361.824.9338,xflowers@example.net,410 Martin Tunnel Suite 391 Houstonstad IA 20061,Joseph Powell 200-793-9808,1960-02-13,8/18/2021,6,355,85713.48,Support
122,Mary Hart,591.400.4992x73498,raymondthomas@example.com,013 Douglas Green Fischerview AL 95428,Jody Vance 453-699-8663,2005-02-26,2020-02-05,1,355,50764.2,HR
123,Jennifer Patel,+1-951-431-5461x12600,jordanrichardson@example.net,4557 Cruz Lock West Angelatown ME 40141,Shannon Russell 523.928.3666,1991-11-12,2023-01-10,4,355,64456.52,Analyst
124,Jason Shelton,(744)241-0912x23679,chad94@example.net,3272 James Island Makaylashire AL 24759,Jade Arias 352.428.8475x5354,1985-06-17,10/25/2021,3,355,89679.14,HR
125,April Lloyd,+1-672-534-3720x480,coxjoseph@example.net,105 Shaffer Road Jonestown CO 36688,Michael Bryant +1-839-722-4321x68036,2002-07-17,2021-12-10,1,355,141493.55,Manager
126,Jacob Baker,(577)527-4135x62011,patricia67@example.net,486 Larson Fork Apt. 591 Powellview ND 13615,Barbara Wallace 649.541.4781x619,2004-09-22,5/31/2023,10,355,39709.96,Support
127,Jessica Shepard,(307)790-6913x036,weaverjohn@example.net,43359 Michael Lodge Suite 107 New Daniel DC 63127,Brenda Rubio 001-665-729-9457x56995,1963-03-07,2020-02-12,2,355,60467.25,Analyst
128,Jessica Carter,(382)730-7063x838,harrissteven@example.org,806 Dawson Crescent Apt. 608 Shannonside WI 12688,Kayla Tran +1-276-461-6773x843,1959-12-22,2022-04-03,5,355,91533.49,Support
129,Taylor Graves,944.354.7751x691,danieltaylor@example.net,09356 Little Underpass Suite 668 Anthonyland MO 22658,Joel Lloyd 001-545-672-2279x73250,1993-12-15,2021-03-12,7,355,43064.02,Analyst
130,Thomas Evans,(633)858-5941,bwiggins@example.org,405 Antonio Mall Apt. 271 West Melanieton MD 06276,Brandon Davis 606-699-2623x101,1976-03-09,1/20/2021,4,355,140639.65,Developer
131,Julie Alvarez,001-446-929-0026x2046,anthonyobrien@example.net,3227 Sarah Center Suite 786 East Heidiburgh HI 37292,Melissa Knapp 608.903.4562x834,1992-12-12,6/24/2023,6,355,43307.41,Analyst
132,Lee Osborne,-5049,cweaver@example.org,17878 Jason Course Apt. 190 East Coltonfurt NE 82021,Kristopher Stewart (983)374-9692x3977,1966-09-14,5/27/2023,9,355,101920.15,HR
133,Elizabeth Mcdonald,483.749.0017x6582,handerson@example.net,42498 Taylor Extension Port Natalie FL 65292,Brian Riley 8115400334,2003-06-01,6/26/2022,6,355,80459.39,Analyst
134,Randy Garcia,(310)270-4699x5630,mstephenson@example.org,6250 Johnson Rapid Suite 070 Rosehaven MS 39608,Timothy Jones 440.518.2761,2001-11-11,3/17/2020,10,355,38643.82,Developer
135,George Martin,968-749-6258x70549,matthewmorton@example.com,752 Wright Walk Sarahburgh GU 38934,Kelly Cruz 771-759-3116x49126,1964-09-08,2022-07-04,3,355,114542.61,Analyst
136,Amy Brown,+1-297-676-9828x2265,vbennett@example.org,763 Keith Loaf West Robert AR 37376,Stephanie Carter 2414790164,1988-08-05,1/31/2020,3,355,124685.04,Developer
137,Lindsay Fisher,472.799.8939,qjohnson@example.net,USCGC Glass FPO AE 79173,Edward Harris 611-502-9154x0195,1962-10-01,8/23/2020,6,355,32883.53,Developer
138,Andrew Morris,(758)240-7773,waltonbryan@example.com,632 Tran Ranch East Jennifershire DC 81224,Sandra Johnson 391-378-2060x62192,1983-09-19,2020-04-04,3,355,97209.62,Developer
139,Maurice Hunt,9618998221,james50@example.net,30758 Jose Stravenue Apt. 254 West Danielton LA 18407,Kim Young 682-752-1171,1970-11-12,2020-04-04,5,355,118953.86,Support
140,Christine Mathis,2296937529,cgallagher@example.org,604 Luis Brooks New Phillipstad ND 00922,Jennifer Fisher +1-244-997-8223,1996-06-24,4/19/2020,1,355,75333.48,Support
141,Kimberly Smith,001-855-770-6414x36406,thompsonnicole@example.org,83631 Steven Forge Suite 881 Yustad MN 33079,Lisa Hardy 860.995.1187,2003-09-14,6/25/2024,1,355,118685.05,Developer
142,Heather Winters,(963)709-6134x778,steven62@example.net,490 David Square Apt. 857 Lake Kathymouth WY 70223,David Keller 882.860.2433,1959-08-30,12/24/2020,9,355,132037.69,Developer
143,Kayla Lopez,962.869.0889x51053,krista36@example.com,191 Jones Gateway Port Evelyn NJ 23536,Steven Davies 8413963203,2004-12-08,2022-01-07,9,355,120029.94,HR
144,Barbara Fritz,218.514.9875x00413,akelley@example.net,55077 Jennifer Street Suite 585 Robertchester ND 87584,Edward Scott 6638901213,1999-05-23,10/24/2021,4,355,149794.53,HR
145,Christopher Scott,001-331-884-2891,ystewart@example.net,3128 David Club Apt. 563 Lake Kimberly AZ 85713,Krystal Raymond 9955710047,1968-09-03,10/31/2021,8,355,104541.82,Support
146,Adam Townsend,5445507043,rickyoliver@example.com,10154 Howard Falls Gavinberg WI 76691,Benjamin Hicks 001-279-730-9684,2005-03-27,2022-07-03,10,355,135320.54,Manager
147,Frank Roberts,001-917-290-9169x38352,cruzbarbara@example.org,762 Hayes Rest Suite 251 Lake Matthewside MA 45690,Micheal Brown +1-847-361-8059,1999-03-01,2024-10-04,5,355,144784.73,Analyst
148,Christine Brady,+1-533-336-8705x991,nmckinney@example.com,890 Fisher Ranch Josephville MA 54692,Ryan Thomas 001-738-477-0761x79797,2003-10-12,2024-02-02,7,355,134145.75,Support
149,Jason Hill,682-838-2086,wujoel@example.net,89874 Dennis Crest West Phillipview VI 40481,Heather Howard 001-314-239-6656x997,1976-05-20,10/21/2021,7,355,118532.04,Analyst
150,Mrs. Tara Wright MD,343-507-3285,nicholecarlson@example.net,9341 Moore Springs Rothburgh HI 02986,Jason Oconnor 296-945-7147x05754,1988-11-02,2024-08-08,4,355,79477.36,HR
151,Rebecca Hooper,963.476.7757,kirbybryan@example.org,Unit 0600 Box 2142 DPO AP 02632,Lorraine Gillespie 434.644.9260x5061,1965-05-26,1/18/2024,8,355,101531.46,Analyst
152,Stacey Mcclure,703-304-6886x08959,katherinescott@example.org,338 Gregory Union Royview KS 59556,Susan West (255)826-3725,1977-08-27,2024-09-07,10,355,127169.1,Analyst
153,Gregory Sanchez,+1-272-202-0246x6775,audreywilliams@example.net,1059 Martinez Parks North Aprilmouth MA 65872,Steve Wells (305)626-5093x2401,1969-09-08,4/20/2021,3,355,108406.43,Manager
154,Janice Lewis,7427627277,meagan63@example.com,384 Sarah Underpass Apt. 474 Masonburgh TX 29129,Jeffery Scott 001-821-923-9115,2002-08-23,7/19/2021,10,355,80416.97,Developer
155,Christopher Sanchez,947.356.3982x39509,woodjoe@example.com,5832 Michelle Via Suite 572 New Ricardo ND 51463,Jeffrey Riggs 7686364400,1992-03-18,2021-07-03,6,355,98849.13,Support
156,Cole Miller,307-566-5564x07612,grussell@example.org,8379 Jackson Crossing North Donaldview MI 51343,Alexa Moore 391.592.3728x63014,1977-08-31,8/14/2022,7,355,79626,Analyst
157,Katrina Gilbert,858-894-6527,anthonymiles@example.net,48096 Thomas Expressway Apt. 833 South Sheila WA 07757,Kevin Jenkins 759.840.3270,1986-07-05,2022-09-10,2,355,96607.84,HR
158,Kelly Riddle,591.731.8748,lisablake@example.org,1329 Hendrix Forks Cherylfurt OR 57417,Beth Flynn 6784872221,2005-03-13,1/24/2024,6,355,111005.74,HR
159,Dr. Randy Mosley,-2034,adkinsjennifer@example.org,14280 Kelsey Stream Suite 565 Port Nicholasshire MT 48491,Stacey Watkins (234)229-7881x382,1988-05-01,2024-02-02,5,355,96231.68,Manager
160,Suzanne Ingram,+1-799-572-7830x7548,smithalexandra@example.org,USCGC Norris FPO AP 19013,Michael Phillips 425-739-8303,1995-01-18,5/21/2022,1,355,41148.48,Developer
161,Gerald Gardner,(807)306-7448x92373,alyssa09@example.com,368 Dean Station Victoriaburgh TX 30878,Kenneth Lee 689.588.9540,1962-02-18,5/31/2023,1,355,78362.72,Developer
162,Tiffany Guzman,001-566-329-0258x84315,janet91@example.net,08505 Alison Fields Port Nicole KS 43169,Spencer Hill 959.469.5482x6027,1999-08-16,2/18/2024,10,355,125057.57,HR
163,Pamela Mercado,(860)961-4867x2123,jbarnes@example.net,9711 Sellers Place East Donnamouth OR 62775,Tara Mcneil 001-826-258-9121,1992-03-05,3/14/2020,7,355,111528.92,Manager
164,Mary Phillips,3123597565,jameslee@example.com,85138 Matthew Viaduct Mckenziechester AK 50152,Derrick Hernandez +1-411-473-9290x989,1998-05-10,6/23/2022,3,355,80162.01,Support
165,Kevin Wagner,001-313-555-9980x05616,jonessamuel@example.org,969 Cassandra Ports Keithhaven RI 07284,Brian Spencer 001-762-636-6375x229,1974-03-26,12/20/2021,7,355,59607.55,Analyst
166,Margaret Ford,657-912-1122,asanchez@example.net,379 Aaron Glen South Oliviafort SD 19509,Charles Alexander 244-872-3134x1673,1997-07-23,4/28/2024,6,355,113208.89,Manager
167,Sandra Chapman,8244100601,kristina76@example.com,536 Jeffery Lodge Nashtown IN 81133,Joseph Duncan 001-829-549-7180,1993-11-26,2/26/2020,9,355,115947.95,Manager
168,Jonathan Davenport,(433)271-3753x618,waremelissa@example.org,68116 Brett Key New Tracyburgh KS 04532,Melissa Cunningham 6514566777,1989-12-06,3/14/2024,8,355,73759.85,Support
169,Suzanne Bray,3165562929,qalvarado@example.com,597 Matthew Drives Jamesstad SC 99053,Julie West (280)559-6432x55815,2000-08-02,10/15/2021,4,355,126923.28,HR
170,Sean Jennings,292-943-6156x7505,cynthia30@example.net,8460 Amanda Forks Abigailmouth IL 47898,Chad Bryan 959.653.8025x806,2002-06-04,9/23/2022,5,355,149353.69,Support
171,Margaret Anderson,+1-961-551-8439x6699,bryan88@example.org,3998 Mitchell Vista Suite 679 East Xavierburgh MT 38301,Edward Johnson 846-765-9053,1978-10-16,5/17/2023,6,355,104573.47,Developer
172,Mr. Tracy Diaz,(566)556-1346x2725,jasminejackson@example.com,79677 Martinez Causeway East Michael OH 69389,Eric Davis 001-894-876-4603x7936,1995-02-07,2022-05-10,5,355,42960.31,HR
173,James White,641-383-9987x129,hayleyjones@example.org,6467 Harris Drives Apt. 716 Mccartyhaven GU 97792,Laura Anderson 001-785-370-8722x401,1992-05-21,8/22/2023,5,355,141072.73,Developer
174,Ralph Kim,298.353.9527x3090,lewisandrea@example.org,970 Finley Alley Suite 517 New Alex AR 95036,Lee Mcgee (925)711-8844x037,1958-11-08,2023-11-12,5,355,101618.26,Manager
175,Meredith Butler,-5913,michelle17@example.net,6781 Williams Extensions Suite 667 Mercadoside DE 06374,Ashlee Wallace (275)328-0942x93738,1989-04-05,9/30/2020,8,355,78718.15,Manager
176,Andrew Spencer,799.765.6129x85831,xhuffman@example.net,217 Ashley Cove East Nicholaschester SD 76324,Sara Bell 4498874399,1978-10-17,10/15/2020,10,355,148541.93,HR
177,Austin Sparks,898-728-6775x9326,rhodesbenjamin@example.net,01990 Jackson Lodge Suite 878 North Erin VI 51162,Jason Kirby (316)258-3758,1988-09-12,2/16/2021,9,355,58225.81,Analyst
178,Gregory Bryant,(408)569-7539x929,alexisparker@example.net,90987 Crystal Ville Kiarafurt MH 25901,Marc Wright 001-616-936-7367x3672,1962-09-05,8/26/2022,7,355,42036.45,Support
179,Justin Bryan,527.201.6581,farleymelissa@example.net,10250 Pacheco Circle Apt. 046 New Jillberg OH 40428,Chad Anderson 001-989-448-2063x8945,1980-05-31,4/17/2022,5,355,40312.79,HR
180,Anne Rose,(354)615-1220x095,john09@example.org,070 Kelley Rue East Kelli AZ 33186,Andrew Jenkins 658.532.6935,1968-06-06,10/16/2021,7,355,50539.8,Manager
181,Brenda Harrison,749.795.1012x39585,kcruz@example.com,565 Wyatt Square West Edward MA 34346,Sara Thomas 518.284.4620x342,2006-01-03,2023-05-02,7,355,91398.77,Analyst
182,Thomas Clark,243-325-8015x87377,wgraham@example.com,251 Morris Ports South Stacy AK 51062,Lori Butler 4249250790,1992-03-31,1/17/2024,10,355,130452.18,Support
183,Donald Johnston,318-770-4646x51212,crystalsanders@example.net,5900 Christina Ways Apt. 568 Port Daniel ME 36026,Victoria Campbell 253.244.6613x9927,1961-02-21,2024-05-02,10,355,138722.23,HR
184,Brian Alvarez,-2918,qnovak@example.com,5984 Danielle Station Apt. 076 Tarachester PA 76851,Stephanie Richardson 367-699-7736x436,1995-04-28,2020-03-08,2,355,124216.81,HR
185,Kathleen Jones,502.845.8973,aanderson@example.org,79331 James Plain Lake Destinyhaven NE 32433,William Carter 774-507-8039x0736,1968-11-30,11/18/2023,10,355,124550.02,Manager
186,Paul Patel,296.404.3936,ujohnson@example.org,639 Greene Street West Julie MA 42766,Mike Burnett 215-356-1921x502,2004-12-19,2020-07-11,10,355,64198.03,Developer
187,Lynn Lopez,001-266-228-2275x9323,stephanie45@example.net,5693 Stephens Divide Suite 347 West Brittanybury MH 92366,Julian Meyer +1-308-266-1173,1989-06-28,3/28/2021,1,355,107161.02,Developer
188,Pamela Kirby,001-268-518-8208x18797,qrivers@example.com,37067 Jennifer Land New Charlotte MT 32783,Curtis Schultz 001-494-703-3795x0226,1996-06-27,12/30/2022,1,355,119364.75,Support
189,William Hill,+1-470-298-0042x52201,laurentyler@example.com,92349 Roberts Plaza Suite 169 Lake Lindaborough UT 26362,Victoria Huang (688)458-0902x597,1984-09-07,4/29/2021,8,355,131532.72,Developer
190,Tiffany Lee,404-909-5123x25404,courtneykeith@example.com,62001 Joseph Court Lake Timothyhaven ID 34459,Kelly Hughes +1-489-747-8611x02776,1964-09-27,6/21/2024,8,355,126450.08,Support
191,Carrie Taylor,749.260.9531,fordantonio@example.com,1956 Griffin Parkway Alberttown MA 64075,Denise Hansen 4106027568,1992-11-16,2022-04-04,4,355,38119.22,Support
192,Hayden Morrow,(655)923-8607,cheyennerodriguez@example.com,29122 Daniel Lane New Traci WI 72868,Antonio Lucas (643)203-4727,1976-04-06,2020-01-12,3,355,118979.87,Manager
193,Hayden Adams,+1-916-218-9917x93921,rogerlee@example.net,97728 James Flats Loribury KY 31976,Emily Nguyen +1-692-212-1105x71584,1982-05-15,4/18/2023,9,355,130473.15,Manager
194,Tracy Davis,+1-640-901-0286x25812,melissalee@example.net,732 Molly Common West Zachary GU 43233,Alexander Flores 001-405-765-4950,1967-12-22,2/13/2024,5,355,138586.69,Analyst
195,Thomas Padilla,+1-439-231-0751x16870,lopezjessica@example.com,616 James Tunnel Simmonsberg NJ 23728,Mallory Wolfe (922)580-4886x603,1996-10-16,3/19/2023,1,355,107472.53,Manager
196,Michael Perry,001-968-824-1394x50846,alice17@example.net,94525 Seth Lane Thomastown IA 38353,Andrew Meyer 635.929.8812,2000-02-18,3/14/2022,1,355,137687.78,Developer
197,Christopher West,-8916,hkelley@example.org,9187 Vargas Drive Suite 271 Elizabethport MP 95437,Misty Smith 996-843-9633x99162,1987-06-07,2023-10-08,2,355,120964.08,Manager
198,Allison Powell,(944)732-9212x331,ejones@example.org,325 Tiffany Place Suite 467 North Zacharybury OH 53205,David Vega 001-871-702-5533x09993,1971-04-27,3/15/2024,10,355,149337.9,Support
199,Marcus Graham,548-499-3641x709,matthew90@example.com,PSC 5204 Box 6042 APO AE 39853,Carl Wilson (259)513-8115,1996-02-06,2024-09-01,6,355,96526.92,Analyst
200,John Lopez,(381)935-2485x965,clarkstephanie@example.com,57761 Tyrone Causeway Travisport NJ 25103,Sharon Jones 645-956-0232,1988-10-03,2/25/2020,8,355,98268.92,HR
